title,url,summary
12 high-profile tech opportunities for those job hunting,https://www.digitaltrends.com/news/ziprecruiter-high-profile-tech-opportunities-december-2022/,"If you're looking to start the new year with a new career, ZipRecruiter has everything you need to find high-paying tech opportunities for online job-hunters."
Bang & Olufsen celebrates Lunar New Year 2023 with Silk Road-inspired limited editions,https://www.digitaltrends.com/home-theater/bang-ang-olufsen-special-edition-lunar-new-year-2023/,The Danish audio company has created special editions of its most popular products including the Beoplay EX and H95 headphones.
"The best Spider-Man movies ever, ranked",https://www.digitaltrends.com/movies/best-spiderman-movies-ever-ranked/,"Each Spider-Man has brought its own spin to the character, and the films that have come out of those interpretations have varied in quality."
"Celebrate our 1,000,000 YouTube subscriber milestone with us and win!",https://www.digitaltrends.com/giveaways/youtube-1-million-subscriber-giveaway/,"We did it! On November 27, 2022, the Digital Trends YouTube channel reached a major milestone: 1 million subscribers! We’ve been counting down for weeks, and now that the moment has finally arrived, we’re ready to celebrate with those who helped us get here (you!) by giving away more than $4,500 in prizes!"
Why my favorite laptop to use in 2022 wasn’t even from this year,https://www.digitaltrends.com/computing/my-favorite-laptop-for-2022-is-from-2021/,"There were a lot of great laptops introduced in 2022 that are worth serious consideration. But for me, the 2021 Apple MacBook Pro 14 still won out."
The best camera phones in 2023: our favorite smartphones for photography,https://www.digitaltrends.com/mobile/best-camera-phones/,"In this photography showdown, we take a look at the best camera phones currently available and recommend our top picks across a number of different categories."
"Even without a big exclusive, Xbox quietly dominated 2022",https://www.digitaltrends.com/gaming/xbox-in-2022-op-ed/,"We may not have gotten Starfield this year, but Xbox was home to most of this year's boldest games."
How to set up voicemail and Visual Voicemail on an iPhone,https://www.digitaltrends.com/mobile/how-to-set-up-voicemail-on-an-iphone/,"Here's how to set up voicemail on an iPhone so you can view, listen to, and organize your voicemail messages. It takes just a couple of minutes to enable."
Enjoy NASA’s ‘best images’ of science on space station in 2022,https://www.digitaltrends.com/space/nasa-top-images-science-space-station-2022/,NASA has shared its favorite images of science research taking place aboard the International Space Station over the past year.
"Amazon eyeing standalone app for sports, report claims",https://www.digitaltrends.com/movies/amazon-eyeing-standalone-app-for-sports/,Amazon is reportedly considering a new standalone app for its sports content in the latest sign of how streaming platforms are getting into live events.
Watch highlights of SpaceX’s 60th rocket launch of 2022,https://www.digitaltrends.com/space/spacexs-60th-rocket-launch-2022/,"SpaceX launched its 60th mission of the year on Wednesday, deploying another 54 Starlink internet satellites to low-Earth orbit."
What’s new on Apple TV+ this month (January 2023),https://www.digitaltrends.com/movies/new-on-apple-tv-plus/,Apple TV+ is gearing up for another fantastic year of movies and shows. Here’s everything you can look forward to in January 2023.
What is QD-OLED? The newest (and best) TV tech fully explained,https://www.digitaltrends.com/home-theater/qd-oled-hybrid-display-technology-fully-explained/,"Look out, OLED and QLED. There's a new TV player in town and it's not messing around. Meet QD-OLED, the next big thing in TV tech."
What is Reddit?,https://www.digitaltrends.com/computing/what-is-reddit/,"Heard of Reddit? Here's our guide to ""the front page of the internet"" and all of the amazing things you can see and learn on the beloved social platform."
Every video game delay that happened in 2022,https://www.digitaltrends.com/gaming/all-2022-video-game-delays/,"From Breath of the Wild 2 to Starfield, there were all the significant video game delay that happened in 2022."
"OnePlus 11: price, release date, specs, rumors, and news",https://www.digitaltrends.com/mobile/oneplus-11-specs-price-release-rumors-news/,"The next flagship from OnePlus is coming. Here's everything we know so far about the OnePlus 11's rumored specs, price, and more."
Nvidia just leaked its own GPU for CES 2023,https://www.digitaltrends.com/computing/nvidia-leaks-the-rtx-4070-ti-ahead-of-ces-2023-launch/,"Nvidia's intriguing GeForce RTX 4070 Ti has leaked again, this time on the manufacturer's own website, suggesting the launch is imminent."
"What to expect at CES 2023, from mondo TVs to EVs",https://www.digitaltrends.com/news/what-to-expect-ces-2023/,"Faster PCs, brilliant TVs, and smarter smart homes are all on the horizon, and CES 2023 will be ground zero for the gadgets that will get us there."
Why I’m still using a 14 year-old Dell monitor and I’m not ashamed,https://www.digitaltrends.com/computing/why-im-still-using-14-year-old-dell-monitor/,"I upgrade my technology on a regular basis, but there's one that I haven't for almost 15 years: my Dell UltraSharp 2408WFP. Here's why it's lasted so long."
The 10 most popular movies on Netflix right now,https://www.digitaltrends.com/movies/the-10-most-popular-movies-on-netflix-right-now/,Where did the Knives Out sequel Glass Onion debut on the charts? Keep reading to find out Netflix's 10 most-watched movies in the U.S. from the past week.
WWE Friday Night Smackdown live stream: where to watch John Cena’s return,https://www.digitaltrends.com/movies/wwe-friday-night-smackdown-live-stream-where-to-watch-john-cena-return/,"Find out where to watch WWE Friday Night Smackdown, which will feature John Cena teaming up with Kevin Owens to face Roman Reigns and Sami Zayn."
Is Snapchat free? Here’s how much you’ll need to pay for it,https://www.digitaltrends.com/mobile/is-snapchat-free-cost-money-price-explained/,Snapchat remains one of the big players among social media apps. But is Snapchat free — or does it cost money? Here's what you need to know.
